{
  "0": [
    0.0007097158231772482,
    0.0016628000885248184,
    0.00031022820621728897,
    0.0008873698534443974,
    0.0002532537910155952,
    0.0006947411457076669
  ],
  "1": [
    0.0003783222346100956,
    0.001350555568933487,
    0.0006881620502099395,
    0.0005150821525603533,
    0.0004861595807597041,
    0.0006957713048905134
  ],
  "2": [
    0.0013981733936816454,
    0.0009027388296090066,
    0.001416252227500081,
    0.0011147432960569859,
    0.0011768708936870098,
    0.0009305023122578859
  ],
  "3": [
    0.002164273988455534,
    0.0012576146982610226,
    0.0013029332039877772,
    0.002297648461535573,
    0.001911517814733088,
    0.0014380654320120811
  ],
  "4": [
    0.00124637340195477,
    0.0013912385329604149,
    0.0017992230132222176,
    0.001585586927831173,
    0.0011990579077973962,
    0.0012764285784214735
  ],
  "5": [
    0.001543198013678193,
    0.0016451416304334998,
    0.001590058789588511,
    0.0017258132575079799,
    0.0012270520674064755,
    0.0022763144224882126
  ],
  "6": [
    0.001819816417992115,
    0.0016812942922115326,
    0.0018608812242746353,
    0.0020957086235284805,
    0.0017484022537246346,
    0.0019359197467565536
  ],
  "7": [
    0.0017240652814507484,
    0.00197221920825541,
    0.0015678182244300842,
    0.0016765377949923277,
    0.0016292454674839973,
    0.0016820807941257954
  ],
  "8": [
    0.0012211808934807777,
    0.0015746322460472584,
    0.0015410910127684474,
    0.0022135162726044655,
    0.0019650047179311514,
    0.0014750338159501553
  ],
  "9": [
    0.0013518898049369454,
    0.0013359769945964217,
    0.0014687683433294296,
    0.0013768704375252128,
    0.0013916532043367624,
    0.0021920667495578527
  ],
  "10": [
    0.001455967896617949,
    0.0008728610118851066,
    0.0013534623431041837,
    0.0012611502315849066,
    0.0013489407720044255,
    0.0017525849398225546
  ],
  "11": [
    0.0011921481927856803,
    0.0007136664353311062,
    0.0007156344363465905,
    0.0013713036896660924,
    0.0014786513056606054,
    0.001711985096335411
  ]
}