{
  "0": [
    0.00019010032701771706,
    8.777833863859996e-05,
    2.502343340893276e-05,
    1.3775290426565334e-05,
    2.3121267076930963e-05,
    3.443586319917813e-05,
    0.0001109281147364527,
    4.486005491344258e-05,
    6.254097388591617e-05,
    6.789411418139935e-05,
    4.001807246822864e-05,
    9.393873187946156e-05
  ],
  "1": [
    9.246262925444171e-05,
    7.102984091034159e-05,
    0.00010981802188325673,
    8.095138764474541e-05,
    3.52335991919972e-05,
    0.00014460046077147126,
    9.201884677167982e-05,
    0.00013530287833418697,
    0.00010487163672223687,
    6.56456031720154e-05,
    4.6097855374682695e-05,
    9.648471313994378e-05
  ],
  "2": [
    0.00019309608615003526,
    6.99626179994084e-05,
    0.00014673330588266253,
    8.92972166184336e-05,
    5.794239405076951e-05,
    9.611175482859835e-05,
    8.156670082826167e-05,
    0.00010054351878352463,
    9.75894508883357e-05,
    0.00017630534421186894,
    0.0001873263972811401,
    0.00014789006672799587
  ],
  "3": [
    0.00010516955080674961,
    0.00011055025970563293,
    8.90786832314916e-05,
    0.00014641632151324302,
    7.814203854650259e-05,
    0.00011394084867788479,
    0.0002924437867477536,
    0.00019672814232762903,
    0.0001337587891612202,
    0.00024562719045206904,
    9.450384095543995e-05,
    0.00015806988812983036
  ],
  "4": [
    0.0001475204189773649,
    0.00013785653572995216,
    0.00022867671214044094,
    0.00023883316316641867,
    0.00022804523177910596,
    0.00021829699107911438,
    0.0001334291009698063,
    0.0001513911847723648,
    0.00017075377400033176,
    0.00014476860815193504,
    0.00018083068425767124,
    0.00014884462871123105
  ],
  "5": [
    0.0001875675079645589,
    0.00019293688819743693,
    0.00018501735758036375,
    0.00016677485837135464,
    0.00015241396613419056,
    0.00013230714830569923,
    0.0002057029341813177,
    0.0001521888916613534,
    0.000192499443073757,
    0.00021065142937004566,
    0.0001648993929848075,
    0.00017191687948070467
  ],
  "6": [
    0.0001695658138487488,
    0.00013023894280195236,
    0.00017331054550595582,
    0.00011603116581682116,
    0.00018954499682877213,
    0.00016635755309835076,
    0.00016842926561366767,
    0.00014501955593004823,
    0.00011927096056751907,
    0.00015231833094730973,
    0.0002696709707379341,
    0.00022130324214231223
  ],
  "7": [
    0.00017457253125030547,
    0.00019046335364691913,
    0.0001599062525201589,
    0.00018933926185127348,
    0.00013891664275433868,
    0.00018935801927000284,
    0.00014545608428306878,
    0.00014703763008583337,
    0.0002200479357270524,
    0.00017538879183121026,
    0.00020025789854116738,
    0.00015050283400341868
  ],
  "8": [
    0.00014326976088341326,
    0.0001406521041644737,
    0.00017003346874844283,
    0.00017046606808435172,
    0.00016449081886094064,
    0.00015319640806410462,
    0.0002231819526059553,
    0.00014737415767740458,
    0.00023582410358358175,
    0.00017382792429998517,
    0.00019175636407453567,
    0.0001727490744087845
  ],
  "9": [
    0.0003360331174917519,
    0.00015397030801977962,
    0.00018529518274590373,
    0.0002248805103590712,
    0.0002603230532258749,
    0.00019089836860075593,
    0.00014742364874109626,
    0.0001908185804495588,
    0.00021675760217476636,
    0.0002133523958036676,
    0.0001840849145082757,
    0.000188804478966631
  ],
  "10": [
    0.00018974785052705556,
    0.00020776530436705798,
    0.00018081463349517435,
    0.00021633709548041224,
    0.00024059333372861147,
    0.0001882446085801348,
    0.0001580095267854631,
    0.00020791884162463248,
    0.00022790086222812533,
    0.00019516523752827197,
    0.00019044098735321313,
    0.0002156831615138799
  ],
  "11": [
    6.30981958238408e-05,
    0.00013109296560287476,
    8.961223647929728e-05,
    0.00015397508104797453,
    9.123321069637313e-05,
    8.44387395773083e-05,
    0.00011427546269260347,
    0.00011935786460526288,
    0.00011519367399159819,
    0.0001362545881420374,
    0.000200206195586361,
    0.00020512173068709671
  ]
}