{
  "0": [
    0.048833511769771576,
    0.00982666015625,
    0.0038061607629060745,
    0.0031960061751306057,
    0.00480242446064949,
    0.003487889189273119,
    0.008365968242287636,
    0.005548205692321062,
    0.00458200927823782,
    0.005329926032572985,
    0.004967838060110807,
    0.0049473559483885765
  ],
  "1": [
    0.009670659899711609,
    0.007331474684178829,
    0.006471273023635149,
    0.0049966792576014996,
    0.003016057424247265,
    0.015902888029813766,
    0.00711494404822588,
    0.010095048695802689,
    0.012412835843861103,
    0.006264962255954742,
    0.00818143505603075,
    0.009488563053309917
  ],
  "2": [
    0.018641628324985504,
    0.007753153797239065,
    0.007964324206113815,
    0.009208275005221367,
    0.005233094096183777,
    0.008376642130315304,
    0.005720448214560747,
    0.0097768884152174,
    0.007900700904428959,
    0.014651243574917316,
    0.037274252623319626,
    0.010447192937135696
  ],
  "3": [
    0.008732724003493786,
    0.007557757198810577,
    0.008506127633154392,
    0.010189482010900974,
    0.0054467059671878815,
    0.0078031932935118675,
    0.016335709020495415,
    0.01680840365588665,
    0.009997623041272163,
    0.021646466106176376,
    0.006743661593645811,
    0.010849889367818832
  ],
  "4": [
    0.00930068176239729,
    0.005644411314278841,
    0.010870213620364666,
    0.01524241454899311,
    0.021818917244672775,
    0.013608910143375397,
    0.00662410631775856,
    0.007174025289714336,
    0.007869175635278225,
    0.006650715600699186,
    0.009917228482663631,
    0.009951191954314709
  ],
  "5": [
    0.009611530229449272,
    0.008648328483104706,
    0.009779637679457664,
    0.00776239950209856,
    0.0073206303641200066,
    0.006746639497578144,
    0.01085179764777422,
    0.0078587019816041,
    0.008312171325087547,
    0.008474588394165039,
    0.007352838292717934,
    0.012217593379318714
  ],
  "6": [
    0.007780849002301693,
    0.007046809419989586,
    0.008566707372665405,
    0.0062292893417179585,
    0.009998944588005543,
    0.009073065593838692,
    0.0075489552691578865,
    0.00720108300447464,
    0.0068775988183915615,
    0.007154226303100586,
    0.013358554802834988,
    0.010427595116198063
  ],
  "7": [
    0.008950077928602695,
    0.010248411446809769,
    0.009189784526824951,
    0.010144093073904514,
    0.007207888178527355,
    0.008690559305250645,
    0.00820196233689785,
    0.007976990193128586,
    0.012620871886610985,
    0.009530358016490936,
    0.009952484630048275,
    0.009795183315873146
  ],
  "8": [
    0.009659824892878532,
    0.009830196388065815,
    0.008503526449203491,
    0.009178048931062222,
    0.0095320213586092,
    0.00903753750026226,
    0.011860242113471031,
    0.008739837445318699,
    0.013150845654308796,
    0.009757914580404758,
    0.008707774803042412,
    0.009029424749314785
  ],
  "9": [
    0.01946013607084751,
    0.008777111768722534,
    0.009605697356164455,
    0.013486134819686413,
    0.011916836723685265,
    0.009332166984677315,
    0.009214160032570362,
    0.009314266964793205,
    0.013523001223802567,
    0.012633969075977802,
    0.011297440156340599,
    0.011617687530815601
  ],
  "10": [
    0.009430128149688244,
    0.01329583115875721,
    0.008723078295588493,
    0.01179530005902052,
    0.010582774877548218,
    0.010275387205183506,
    0.010563235729932785,
    0.010649682022631168,
    0.014342162758111954,
    0.010498370975255966,
    0.009847160428762436,
    0.012038503773510456
  ],
  "11": [
    0.004758588969707489,
    0.006312623620033264,
    0.005943752359598875,
    0.009358408860862255,
    0.0038795459549874067,
    0.005206597503274679,
    0.007118642330169678,
    0.007003512699157,
    0.006453280337154865,
    0.008733615279197693,
    0.014246775768697262,
    0.011149677447974682
  ]
}